STUDY,YEAR,REP,ROTATION,TILLAGE,DEPTH,PLOT,SBD,EC,PH,NO3N,OLSONP,SO4S,CA,MG,K,NA,CEC,ZN,FE,MN,CU,B,TN,TC,SOC,SIC
SQM,2018,1,SWCcc,min,0to3,101,1.45,0.20,5.60,6.8,31.1,12.2,8.22,3.29,0.91,0.03,19.81,3.94,66.32,95.36,1.43,0.54,2.0,23.3,23.3,0.0
SQM,2018,1,SWCcc,min,3to6,101,1.40,0.15,6.07,5.0,7.5,8.8,7.79,3.13,0.40,0.04,13.30,5.64,37.85,52.70,1.82,0.48,1.6,18.5,18.5,0.0
SQM,2018,1,SWCcc,min,6to12,101,1.33,0.17,6.47,3.9,9.7,5.4,9.39,4.49,0.37,0.05,14.33,1.35,17.14,23.05,1.21,0.44,1.2,12.8,12.8,0.0
SQM,2018,1,SWCcc,min,12to24,101,1.38,0.32,7.44,1.8,4.8,5.9,7.34,3.94,0.20,0.05,11.56,0.41,9.62,6.41,1.56,0.35,0.7,7.4,7.0,0.4
SQM,2018,1,SWCcc,min,24to36,101,1.61,0.31,8.33,0.9,4.1,4.7,19.51,7.15,0.33,0.07,27.05,0.43,11.15,2.52,1.74,0.37,0.4,12.3,6.7,5.6
SQM,2018,1,SWCcc,min,36to48,101,1.57,0.33,8.46,1.3,4.5,5.2,17.13,8.18,0.32,0.11,25.75,0.46,11.95,2.04,1.80,0.30,0.4,13.2,6.2,7.1
SQM,2018,1,SWCcc,min,48to60,101,-9999,0.37,8.53,1.1,5.6,7.2,16.52,9.60,0.36,0.19,26.70,1.08,9.16,2.73,3.14,0.34,0.3,11.3,4.7,6.6
SQM,2018,1,SWCcc,no,0to3,102,1.47,0.21,5.45,11.0,31.3,14.2,7.77,3.15,0.78,0.04,15.25,1.87,65.09,87.34,1.27,0.53,2.0,23.6,23.6,0.0
SQM,2018,1,SWCcc,no,3to6,102,1.46,0.20,5.78,8.9,8.3,11.2,9.49,3.87,0.48,0.05,17.02,2.17,49.42,64.50,3.76,0.48,1.6,18.9,18.9,0.0
SQM,2018,1,SWCcc,no,6to12,102,1.30,0.20,6.25,4.5,6.2,6.9,9.63,4.57,0.38,0.06,14.66,0.57,35.14,29.90,1.54,0.44,1.4,14.4,14.4,0.0
SQM,2018,1,SWCcc,no,12to24,102,1.43,0.16,6.82,1.7,4.4,5.8,6.36,4.45,0.23,0.06,11.08,0.63,15.54,9.52,2.22,0.52,0.7,6.7,6.7,0.0
SQM,2018,1,SWCcc,no,24to36,102,1.53,0.32,8.25,0.8,4.9,4.7,18.86,7.10,0.30,0.08,26.29,0.83,11.49,2.82,2.86,0.41,0.4,10.3,5.5,4.8
SQM,2018,1,SWCcc,no,36to48,102,1.55,0.35,8.48,0.8,3.8,5.8,18.03,8.85,0.31,0.12,27.31,0.90,16.33,2.53,2.92,0.32,0.3,12.6,4.8,7.7
SQM,2018,1,SWCcc,no,48to60,102,-9999,0.37,8.43,0.8,5.2,6.2,14.72,9.91,0.37,0.17,25.18,0.89,11.08,2.62,2.66,0.30,0.3,9.8,5.2,4.6
SQM,2018,1,SWCcc,no,0to3,103,1.14,0.15,5.39,4.3,41.2,13.6,8.92,3.46,0.93,0.04,19.42,2.35,79.70,90.96,1.61,0.50,2.1,25.3,25.3,0.0
SQM,2018,1,SWCcc,no,3to6,103,1.35,0.15,5.55,3.1,14.0,11.0,8.99,3.39,0.41,0.05,16.40,2.06,93.06,77.24,3.56,0.48,1.9,21.4,21.4,0.0
SQM,2018,1,SWCcc,no,6to12,103,1.33,0.15,6.30,2.5,6.5,6.2,12.01,5.30,0.43,0.06,19.10,0.91,24.23,29.86,1.94,0.46,1.6,16.6,16.6,0.0
SQM,2018,1,SWCcc,no,12to24,103,1.31,0.18,6.92,1.8,5.4,5.3,9.24,5.67,0.30,0.07,15.24,0.56,11.17,9.03,1.90,0.49,0.9,8.7,8.7,0.0
SQM,2018,1,SWCcc,no,24to36,103,1.50,0.34,8.28,0.9,4.3,4.9,19.69,7.41,0.31,0.08,27.53,0.76,35.17,4.93,2.96,0.47,0.5,11.0,2.4,8.6
SQM,2018,1,SWCcc,no,36to48,103,1.65,0.33,8.51,1.2,4.5,5.5,18.21,8.57,0.30,0.12,27.16,0.75,18.89,3.21,2.64,0.34,0.3,13.3,7.5,5.7
SQM,2018,1,SWCcc,no,48to60,103,-9999,0.30,8.59,0.9,4.3,7.8,16.92,10.21,0.35,0.18,27.70,0.67,21.48,4.18,2.34,0.32,0.2,11.3,4.9,6.4
SQM,2018,1,SWCcc,min,0to3,104,1.13,0.15,5.60,3.1,24.5,13.7,7.92,3.08,0.95,0.04,15.53,3.06,73.09,95.51,1.38,0.57,2.3,27.1,27.1,0.0
SQM,2018,1,SWCcc,min,3to6,104,1.34,0.13,5.68,2.6,11.4,7.9,10.02,3.72,0.51,0.03,17.74,1.56,57.69,69.04,2.58,0.48,2.0,22.4,22.4,0.0
SQM,2018,1,SWCcc,min,6to12,104,1.30,0.11,6.20,2.6,5.3,6.0,10.09,4.38,0.38,0.05,15.78,0.67,22.85,29.82,1.40,0.43,1.5,15.8,15.8,0.0
SQM,2018,1,SWCcc,min,12to24,104,1.35,0.21,7.16,0.9,5.5,4.5,11.29,5.37,0.29,0.05,17.02,0.73,25.10,9.82,2.43,0.32,0.9,9.3,9.3,0.0
SQM,2018,1,SWCcc,min,24to36,104,1.48,0.28,8.28,1.0,4.4,5.7,21.10,6.51,0.29,0.07,27.98,0.36,7.77,2.62,1.74,0.40,0.4,14.1,6.0,8.1
SQM,2018,1,SWCcc,min,36to48,104,1.49,0.32,8.56,0.8,4.7,4.4,18.43,8.10,0.30,0.10,26.92,0.66,9.52,2.43,2.18,0.33,0.3,14.0,6.0,8.0
SQM,2018,1,SWCcc,min,48to60,104,1.39,0.30,8.58,0.7,5.5,7.4,16.13,9.17,0.32,0.17,25.80,0.69,18.79,4.19,2.41,0.37,0.2,10.2,4.4,5.7
SQM,2018,1,SWCcc,no,0to3,105,1.18,0.14,5.30,4.4,31.1,13.2,8.66,3.67,0.82,0.04,19.16,2.15,74.68,104.53,2.22,0.54,2.1,24.5,24.5,0.0
SQM,2018,1,SWCcc,no,3to6,105,1.42,0.15,5.89,4.3,6.9,8.7,9.06,3.61,0.37,0.18,15.56,1.14,49.89,58.74,2.19,0.46,1.7,19.2,19.2,0.0
SQM,2018,1,SWCcc,no,6to12,105,1.33,0.17,6.41,3.0,5.1,5.3,9.93,4.85,0.33,0.06,15.19,0.86,18.60,21.13,2.23,0.44,1.2,12.6,12.6,0.0
SQM,2018,1,SWCcc,no,12to24,105,1.34,0.32,7.55,2.3,4.7,4.9,14.24,5.46,0.25,0.06,20.05,0.87,12.95,6.91,2.86,0.37,0.7,8.3,7.3,0.9
SQM,2018,1,SWCcc,no,24to36,105,1.51,0.33,8.50,1.0,4.1,7.1,20.28,7.24,0.29,0.08,27.91,0.48,9.34,2.33,1.95,0.38,0.4,18.2,5.6,12.6
SQM,2018,1,SWCcc,no,36to48,105,1.62,0.34,8.64,0.5,4.2,9.1,17.33,8.50,0.29,0.11,26.25,0.86,41.57,9.08,2.72,0.35,0.3,13.3,4.9,8.4
SQM,2018,1,SWCcc,no,48to60,105,1.45,0.36,8.53,0.7,9.7,8.5,15.13,9.89,0.34,0.17,25.52,0.43,8.38,2.53,1.39,0.35,0.3,11.1,5.4,5.7
SQM,2018,1,SWCcc,min,0to3,106,1.07,0.16,5.38,3.8,24.3,12.7,6.86,2.90,0.62,0.03,14.80,2.62,67.65,93.84,2.66,0.53,2.2,24.7,24.7,0.0
SQM,2018,1,SWCcc,min,3to6,106,1.47,0.17,5.70,3.6,8.6,9.2,9.10,3.81,0.39,0.05,16.52,1.58,46.06,62.87,1.97,0.44,1.6,17.9,17.9,0.0
SQM,2018,1,SWCcc,min,6to12,106,1.34,0.17,6.39,1.7,4.9,6.3,8.47,4.18,0.27,0.05,12.93,0.63,15.56,21.30,1.47,0.42,1.1,11.4,11.4,0.0
SQM,2018,1,SWCcc,min,12to24,106,1.35,0.40,7.75,1.5,4.3,6.1,15.29,5.65,0.25,0.06,21.29,0.77,10.01,4.86,2.57,0.37,0.8,11.5,9.7,1.8
SQM,2018,1,SWCcc,min,24to36,106,1.55,0.34,8.48,1.6,4.1,4.5,20.02,7.83,0.29,0.08,28.22,0.90,11.97,4.67,3.00,0.39,0.3,15.4,6.1,9.3
SQM,2018,1,SWCcc,min,36to48,106,1.57,0.36,8.56,2.0,4.8,4.5,15.15,8.78,0.29,0.12,24.38,0.44,9.07,3.32,1.63,0.31,0.1,12.5,5.9,6.5
SQM,2018,1,SWCcc,min,48to60,106,-9999,0.34,8.63,1.6,5.5,12.2,13.40,11.14,0.38,0.22,25.12,0.80,9.64,3.02,2.36,0.44,0.2,9.5,4.9,4.6
SQM,2018,1,SWS,no,0to3,109,1.25,0.18,5.22,8.5,25.7,11.8,6.83,3.13,0.41,0.04,12.93,5.68,125.17,78.04,6.11,0.43,2.0,24.8,24.8,0.0
SQM,2018,1,SWS,no,3to6,109,1.35,0.20,5.50,7.1,7.8,7.4,8.32,3.38,0.30,0.05,17.93,1.85,66.59,74.73,2.45,0.41,1.5,18.0,18.0,0.0
SQM,2018,1,SWS,no,6to12,109,1.34,0.16,6.05,5.0,5.3,5.0,8.33,4.22,0.28,0.05,15.75,1.23,39.18,35.29,1.76,0.39,1.1,11.7,11.7,0.0
SQM,2018,1,SWS,no,12to24,109,1.42,0.40,7.50,2.1,4.6,2.6,11.02,5.24,0.25,0.06,16.60,0.90,13.30,8.25,1.82,0.31,0.7,8.4,7.7,0.7
SQM,2018,1,SWS,no,24to36,109,1.51,0.36,8.31,1.3,4.5,2.9,19.54,7.58,0.27,0.08,27.43,1.33,16.34,4.08,3.27,0.42,0.3,15.7,8.5,7.3
SQM,2018,1,SWS,no,36to48,109,1.59,0.36,8.53,0.5,5.3,4.9,15.83,8.73,0.27,0.13,24.96,0.92,12.72,4.47,1.95,0.36,0.2,11.8,6.1,5.8
SQM,2018,1,SWS,no,48to60,109,-9999,0.36,8.59,0.9,4.9,7.5,14.88,10.40,0.33,0.21,25.85,1.08,12.05,3.40,2.08,0.38,0.2,9.7,5.5,4.2
SQM,2018,1,SWS,min,0to3,110,1.17,0.17,5.25,4.8,31.4,12.1,7.77,3.51,0.58,0.05,21.52,2.92,136.06,95.93,2.51,0.50,1.9,24.1,24.1,0.0
SQM,2018,1,SWS,min,3to6,110,1.50,0.17,5.73,5.3,5.7,6.2,8.48,3.56,0.29,0.05,17.51,1.57,56.82,59.45,1.90,0.49,1.2,15.1,15.1,0.0
SQM,2018,1,SWS,min,6to12,110,1.40,0.22,6.33,5.2,4.6,4.7,8.08,4.08,0.28,0.05,12.50,1.34,24.62,30.53,1.67,0.49,1.1,12.6,12.6,0.0
SQM,2018,1,SWS,min,12to24,110,1.41,0.22,6.95,3.5,4.6,3.1,6.99,5.13,0.23,0.05,12.44,1.59,28.57,14.19,2.85,0.41,0.7,6.8,6.8,0.0
SQM,2018,1,SWS,min,24to36,110,1.52,0.40,8.21,1.9,4.4,3.0,18.02,7.69,0.29,0.08,26.13,1.53,28.56,5.93,3.47,0.46,0.3,9.4,6.5,2.9
SQM,2018,1,SWS,min,36to48,110,1.52,0.38,8.54,0.8,5.3,4.4,18.61,9.34,0.33,0.17,28.42,1.71,21.32,4.87,3.35,0.38,0.2,11.6,5.4,6.1
SQM,2018,1,SWS,min,48to60,110,1.39,0.43,8.52,0.7,4.5,5.2,15.07,8.74,0.31,0.21,24.30,1.21,18.59,4.26,2.33,0.45,0.2,11.1,6.8,4.3
SQM,2018,1,SWS,no,0to3,111,1.08,0.20,5.16,9.3,52.1,11.9,7.03,3.21,0.53,0.04,21.29,4.87,115.96,90.78,2.06,0.46,2.1,23.3,23.3,0.0
SQM,2018,1,SWS,no,3to6,111,1.50,0.17,5.58,5.2,8.5,6.5,8.26,3.51,0.34,0.04,17.54,1.82,64.25,67.74,2.51,0.42,1.5,16.4,16.4,0.0
SQM,2018,1,SWS,no,6to12,111,1.33,0.17,6.71,3.3,5.0,4.6,7.60,3.79,0.27,0.05,11.72,1.50,27.60,33.21,1.73,0.40,1.3,13.7,13.7,0.0
SQM,2018,1,SWS,no,12to24,111,1.35,0.29,7.22,1.0,4.7,2.1,8.75,5.22,0.26,0.05,14.29,1.66,15.95,12.83,1.23,0.37,0.8,9.9,9.8,0.2
SQM,2018,1,SWS,no,24to36,111,1.51,0.37,8.21,0.7,4.1,2.7,15.77,6.38,0.26,0.07,22.43,0.87,12.91,3.79,1.71,0.36,0.2,7.6,5.4,2.2
SQM,2018,1,SWS,no,36to48,111,1.57,0.33,8.44,0.7,5.1,4.0,16.25,7.38,0.28,0.12,24.05,1.07,23.37,3.12,1.74,0.35,0.2,11.0,5.9,5.1
SQM,2018,1,SWS,no,48to60,111,1.54,0.36,8.45,1.1,5.6,5.3,15.66,8.22,0.31,0.19,24.41,1.33,29.56,5.54,2.50,0.39,0.1,13.8,9.4,4.4
SQM,2018,1,SWS,min,0to3,112,1.10,0.20,5.26,5.7,28.6,12.0,7.22,3.18,0.49,0.05,20.66,3.35,104.09,99.70,3.06,0.40,2.0,21.6,21.6,0.0
SQM,2018,1,SWS,min,3to6,112,1.44,0.19,5.67,6.0,6.0,7.5,8.46,3.80,0.32,0.05,16.97,1.71,60.45,57.14,2.15,0.37,1.4,14.8,14.8,0.0
SQM,2018,1,SWS,min,6to12,112,1.38,0.21,6.18,4.7,4.8,4.2,7.90,4.12,0.28,0.05,14.20,1.41,25.00,34.54,1.69,0.38,1.1,11.5,11.5,0.0
SQM,2018,1,SWS,min,12to24,112,1.37,0.39,7.27,2.3,5.2,3.6,9.57,5.21,0.24,0.05,15.07,1.59,32.09,14.49,3.11,0.30,0.6,7.7,7.2,0.5
SQM,2018,1,SWS,min,24to36,112,1.48,0.36,8.26,1.0,5.1,3.6,18.24,6.91,0.26,0.07,25.47,0.93,12.25,4.08,2.20,0.34,0.4,12.8,7.0,5.8
SQM,2018,1,SWS,min,36to48,112,1.60,0.36,8.51,1.8,5.0,4.1,17.33,8.94,0.32,0.14,26.70,1.37,20.27,4.68,2.24,0.37,0.3,12.0,6.6,5.5
SQM,2018,1,SWS,min,48to60,112,1.50,0.37,8.48,1.0,5.5,4.7,13.62,8.66,0.34,0.18,22.76,1.28,22.95,6.81,2.35,0.40,0.2,9.7,5.7,3.9
SQM,2018,1,SWCS,min,0to3,115,1.18,0.18,5.28,6.7,46.2,12.9,8.35,3.73,0.78,0.06,21.58,2.05,96.85,109.55,1.81,0.51,1.8,20.2,20.2,0.0
SQM,2018,1,SWCS,min,3to6,115,1.56,0.15,5.74,5.2,6.1,7.2,7.66,3.24,0.30,0.04,16.03,1.89,76.55,60.91,2.20,0.47,1.4,15.5,15.5,0.0
SQM,2018,1,SWCS,min,6to12,115,1.37,0.19,6.29,4.4,5.0,4.8,7.58,3.82,0.24,0.05,11.71,1.00,27.33,28.01,1.65,0.39,0.9,11.2,11.2,0.0
SQM,2018,1,SWCS,min,12to24,115,1.34,0.38,7.98,2.9,4.7,3.8,19.74,5.39,0.23,0.06,25.45,0.90,11.51,6.24,1.83,0.42,0.4,14.3,10.3,3.9
SQM,2018,1,SWCS,min,24to36,115,1.52,0.36,8.52,1.5,4.5,4.5,18.24,7.75,0.30,0.10,26.43,0.87,9.95,3.41,1.49,0.39,0.1,12.3,6.0,6.3
SQM,2018,1,SWCS,min,36to48,115,1.61,0.39,8.56,1.2,4.5,3.9,15.78,8.69,0.28,0.17,24.87,1.09,17.07,4.29,2.16,0.34,0.2,15.2,6.3,8.9
SQM,2018,1,SWCS,min,48to60,115,1.48,0.38,8.56,1.5,4.9,4.8,11.60,8.39,0.32,0.23,20.52,0.75,9.05,3.02,2.12,0.41,0.1,10.3,6.0,4.3
SQM,2018,1,SWCS,no,0to3,116,1.18,0.18,5.12,6.0,55.0,11.3,7.16,3.09,0.66,0.03,20.61,2.59,72.38,101.69,2.72,0.46,1.9,22.8,22.8,0.0
SQM,2018,1,SWCS,no,3to6,116,1.49,0.15,5.69,5.2,8.7,6.5,8.67,3.48,0.33,0.05,16.79,1.21,36.99,57.10,1.82,0.44,1.5,17.1,17.1,0.0
SQM,2018,1,SWCS,no,6to12,116,1.35,0.18,6.28,4.5,5.1,4.3,7.82,3.81,0.26,0.05,13.67,0.65,15.42,23.82,1.43,0.40,1.1,11.8,11.8,0.0
SQM,2018,1,SWCS,no,12to24,116,1.37,0.42,7.63,3.1,4.6,4.0,11.02,5.00,0.23,0.06,16.30,0.53,9.60,8.15,1.88,0.41,0.7,8.2,7.5,0.7
SQM,2018,1,SWCS,no,24to36,116,1.55,0.34,8.39,1.6,4.8,4.6,18.71,6.60,0.25,0.08,25.61,0.59,8.05,2.33,2.18,0.42,0.3,15.4,7.4,8.0
SQM,2018,1,SWCS,no,36to48,116,1.59,0.37,8.53,0.7,4.8,3.5,16.22,8.66,0.29,0.15,25.29,0.72,16.86,3.29,2.22,0.30,0.2,11.5,6.2,5.3
SQM,2018,1,SWCS,no,48to60,116,-9999,0.39,8.53,0.5,4.9,3.4,13.54,8.67,0.31,0.19,22.74,0.60,9.52,2.53,1.68,0.36,0.2,10.8,7.1,3.8
SQM,2018,1,SWCS,no,0to3,117,1.17,0.19,5.42,3.7,33.1,10.8,8.32,3.47,0.91,0.03,19.57,3.68,65.71,100.56,3.85,0.51,2.0,22.4,22.4,0.0
SQM,2018,1,SWCS,no,3to6,117,1.41,0.18,5.64,6.1,11.6,8.2,9.82,3.85,0.49,0.05,20.04,2.09,45.04,63.92,3.77,0.46,1.6,18.4,18.4,0.0
SQM,2018,1,SWCS,no,6to12,117,1.34,0.20,6.15,4.2,5.5,4.3,8.68,3.80,0.32,0.06,14.29,1.14,24.21,33.84,1.76,0.46,1.2,12.4,12.4,0.0
SQM,2018,1,SWCS,no,12to24,117,1.26,0.30,7.35,1.6,4.6,3.6,9.54,4.28,0.24,0.06,14.12,0.51,7.79,10.52,1.21,0.32,0.9,9.3,8.8,0.5
SQM,2018,1,SWCS,no,24to36,117,1.43,0.32,8.25,1.5,4.9,3.7,17.94,6.40,0.28,0.07,24.71,0.78,31.71,7.30,2.51,0.36,0.4,11.5,7.9,3.5
SQM,2018,1,SWCS,no,36to48,117,1.60,0.34,8.53,0.8,4.8,4.8,16.81,7.95,0.29,0.11,25.19,0.71,7.78,2.14,2.08,0.30,0.2,12.0,5.7,6.4
SQM,2018,1,SWCS,no,48to60,117,-9999,0.31,8.51,7.5,4.7,7.5,14.32,7.86,0.28,0.12,22.52,0.94,15.83,3.79,2.44,0.27,0.2,9.0,4.8,4.2
SQM,2018,1,SWCS,min,0to3,118,1.08,0.22,5.43,3.7,36.3,11.3,8.48,3.08,1.17,0.03,17.17,2.85,69.86,108.28,2.20,0.43,2.2,26.1,26.1,0.0
SQM,2018,1,SWCS,min,3to6,118,1.44,0.19,5.63,5.2,10.3,8.0,9.82,3.38,0.71,0.04,16.86,2.18,54.18,76.66,3.30,0.46,1.8,22.5,22.5,0.0
SQM,2018,1,SWCS,min,6to12,118,1.32,0.15,6.21,2.5,5.8,4.6,9.88,3.63,0.45,0.06,13.95,1.26,32.98,39.23,2.26,0.42,1.6,19.0,19.0,0.0
SQM,2018,1,SWCS,min,12to24,118,1.34,0.16,6.66,1.0,4.8,2.9,10.17,4.85,0.44,0.08,15.51,0.48,10.15,12.98,1.02,0.34,0.9,10.4,10.4,0.0
SQM,2018,1,SWCS,min,24to36,118,1.55,0.37,7.70,2.7,5.0,2.5,12.14,4.92,0.30,0.08,17.42,0.52,18.50,5.65,1.74,0.31,0.4,5.2,4.7,0.5
SQM,2018,1,SWCS,min,36to48,118,1.74,0.31,8.32,1.2,3.6,3.6,19.83,4.81,0.29,0.07,25.02,0.72,12.61,2.74,1.90,0.22,0.2,20.4,8.6,11.8
SQM,2018,1,SWCS,min,48to60,118,1.57,0.34,8.29,1.7,4.3,4.9,16.00,5.37,0.27,0.09,21.71,0.71,11.10,2.34,1.89,0.20,0.2,12.2,5.5,6.7
SQM,2018,1,SWCS,no,0to3,119,1.05,0.17,5.69,4.6,28.5,9.9,8.08,2.71,1.22,0.03,14.97,2.56,63.57,66.68,1.62,0.50,2.2,26.7,26.7,0.0
SQM,2018,1,SWCS,no,3to6,119,1.40,0.16,5.63,2.3,8.1,7.4,8.68,2.87,0.82,0.03,15.35,1.43,47.88,64.10,1.48,0.42,1.9,23.0,23.0,0.0
SQM,2018,1,SWCS,no,6to12,119,1.21,0.13,5.99,0.9,6.1,4.7,8.97,3.30,0.57,0.03,12.87,0.94,30.68,42.40,1.29,0.38,1.7,20.4,20.4,0.0
SQM,2018,1,SWCS,no,12to24,119,1.34,0.15,6.39,0.4,5.2,2.4,7.81,3.72,0.39,0.04,11.92,0.53,11.72,15.99,1.09,0.32,0.9,11.6,11.6,0.0
SQM,2018,1,SWCS,no,24to36,119,1.55,0.17,6.85,1.0,5.5,1.8,9.06,5.66,0.39,0.06,15.21,0.63,13.37,7.85,2.01,0.34,0.4,4.7,4.7,0.0
SQM,2018,1,SWCS,no,36to48,119,1.62,0.35,8.09,0.9,4.3,4.1,18.42,6.33,0.39,0.07,25.21,1.00,14.21,3.31,2.95,0.29,0.2,8.3,5.3,3.0
SQM,2018,1,SWCS,no,48to60,119,1.54,0.36,8.20,1.0,4.8,4.4,18.81,6.16,0.34,0.09,25.35,0.64,17.58,2.43,1.89,0.23,0.2,10.2,5.7,4.5
SQM,2018,1,SWCS,min,0to3,120,1.11,0.20,5.54,4.9,32.7,10.7,8.19,2.99,1.24,0.03,16.02,2.77,78.06,81.75,1.91,0.44,2.2,27.1,27.1,0.0
SQM,2018,1,SWCS,min,3to6,120,1.38,0.16,5.72,2.7,9.8,6.9,8.34,2.93,0.71,0.03,14.28,1.83,48.87,68.10,1.88,0.41,1.8,21.1,21.1,0.0
SQM,2018,1,SWCS,min,6to12,120,1.26,0.16,6.19,2.9,6.1,4.2,8.22,3.35,0.51,0.03,12.15,0.64,21.87,32.76,0.99,0.39,1.6,17.7,17.7,0.0
SQM,2018,1,SWCS,min,12to24,120,1.35,0.16,6.46,0.5,4.2,2.6,8.16,4.50,0.39,0.05,13.13,0.61,17.71,13.43,1.42,0.32,0.8,9.9,9.9,0.0
SQM,2018,1,SWCS,min,24to36,120,1.61,0.41,7.75,0.3,4.6,3.1,14.33,5.46,0.34,0.05,20.15,0.67,13.66,3.78,1.95,0.33,0.2,6.3,4.5,1.8
SQM,2018,1,SWCS,min,36to48,120,1.62,0.36,8.27,0.9,4.8,4.9,19.88,6.79,0.38,0.08,27.12,1.07,9.98,1.94,2.85,0.28,0.2,11.6,4.9,6.7
SQM,2018,1,SWCS,min,48to60,120,-9999,0.35,8.32,0.6,5.6,5.3,19.74,6.92,0.31,0.09,27.08,0.49,9.16,1.75,1.38,0.25,0.1,13.7,7.2,6.5
SQM,2018,2,SWCcc,no,0to3,205,1.32,0.18,5.28,4.8,21.9,12.1,7.71,3.57,0.59,0.05,16.57,2.53,67.66,99.44,2.88,0.46,1.9,21.1,21.1,0.0
SQM,2018,2,SWCcc,no,3to6,205,1.50,0.18,5.82,3.0,7.8,7.3,7.43,3.30,0.29,0.04,13.16,4.54,40.06,54.58,9.69,0.49,1.6,17.3,17.3,0.0
SQM,2018,2,SWCcc,no,6to12,205,1.39,0.17,6.55,3.0,4.0,4.5,7.84,4.17,0.25,0.04,12.34,1.70,10.78,17.78,3.97,0.38,1.1,10.6,10.6,0.0
SQM,2018,2,SWCcc,no,12to24,205,1.36,0.32,7.99,0.8,4.6,4.6,14.19,4.57,0.20,0.05,18.99,1.69,8.28,4.38,4.19,0.42,0.7,12.1,9.0,3.1
SQM,2018,2,SWCcc,no,24to36,205,1.55,0.35,8.53,1.2,4.7,4.5,18.22,7.30,0.25,0.07,25.79,1.03,6.03,1.95,2.58,0.34,0.2,14.0,6.4,7.7
SQM,2018,2,SWCcc,no,36to48,205,1.64,0.38,8.53,0.6,4.6,5.2,16.17,9.83,0.31,0.12,26.45,1.26,6.39,2.03,3.24,0.38,0.2,13.2,6.7,6.4
SQM,2018,2,SWCcc,no,48to60,205,-9999,0.39,8.45,1.1,4.6,5.3,14.29,10.36,0.37,0.21,25.23,3.23,12.42,4.66,8.06,0.45,0.2,9.6,5.8,3.7
SQM,2018,2,SWCcc,min,0to3,206,1.34,0.19,5.75,4.6,24.0,9.5,8.97,4.06,0.71,0.03,16.29,2.52,48.77,58.66,2.88,0.54,1.9,21.0,21.0,0.0
SQM,2018,2,SWCcc,min,3to6,206,1.59,0.17,6.01,3.0,4.8,7.6,9.76,4.50,0.37,0.04,16.66,2.79,32.64,44.14,6.07,0.55,1.4,14.9,14.9,0.0
SQM,2018,2,SWCcc,min,6to12,206,1.38,0.19,6.57,1.6,4.3,5.7,7.18,4.17,0.22,0.05,11.63,1.11,9.79,12.50,2.63,0.37,0.8,8.3,8.3,0.0
SQM,2018,2,SWCcc,min,12to24,206,1.41,0.37,8.23,0.7,4.8,4.1,19.85,5.88,0.25,0.05,26.08,1.53,7.17,3.01,3.89,0.46,0.6,17.1,13.7,3.4
SQM,2018,2,SWCcc,min,24to36,206,1.53,0.34,8.53,0.8,4.2,6.1,18.02,7.85,0.25,0.09,26.22,0.57,5.83,1.94,1.79,0.36,0.2,16.6,6.9,9.7
SQM,2018,2,SWCcc,min,36to48,206,1.56,0.38,8.62,1.0,4.9,4.2,13.99,8.94,0.29,0.14,23.39,0.69,6.79,2.52,2.09,0.44,0.1,11.6,6.2,5.4
SQM,2018,2,SWCcc,min,48to60,206,-9999,0.39,8.62,1.1,5.1,6.2,13.01,10.39,0.40,0.22,24.01,1.92,14.10,4.67,4.67,0.52,0.2,9.5,5.9,3.6
SQM,2018,2,SWCcc,no,0to3,207,1.28,0.16,5.34,2.1,26.5,14.9,7.34,3.45,0.65,0.04,16.57,1.66,63.74,80.79,1.55,0.53,1.9,21.5,21.5,0.0
SQM,2018,2,SWCcc,no,3to6,207,1.55,0.16,5.82,1.9,6.2,8.3,9.90,4.50,0.38,0.06,16.66,4.43,68.96,59.61,9.98,0.56,1.4,15.2,15.2,0.0
SQM,2018,2,SWCcc,no,6to12,207,1.35,0.18,6.29,2.2,4.6,6.7,8.57,4.46,0.27,0.05,13.32,2.51,24.99,21.30,5.64,0.49,1.0,10.4,10.4,0.0
SQM,2018,2,SWCcc,no,12to24,207,1.46,0.35,8.15,0.8,5.0,6.0,19.89,5.45,0.25,0.05,25.63,1.84,8.74,3.69,4.47,0.43,0.4,15.3,9.3,6.0
SQM,2018,2,SWCcc,no,24to36,207,1.55,0.35,8.46,0.3,3.0,4.6,18.50,7.65,0.26,0.08,26.51,0.86,6.21,2.04,2.09,0.35,0.3,15.7,7.2,8.5
SQM,2018,2,SWCcc,no,36to48,207,1.60,0.35,8.56,0.4,4.7,5.7,15.87,10.59,0.34,0.16,27.00,1.17,6.99,2.33,2.66,0.38,0.2,10.5,5.4,5.1
SQM,2018,2,SWCcc,no,48to60,207,-9999,0.37,8.58,0.2,5.3,6.1,14.44,10.39,0.38,0.20,25.43,1.69,7.28,2.91,3.95,0.36,0.1,11.1,6.3,4.8
SQM,2018,2,SWCcc,min,0to3,208,1.32,0.16,5.35,3.1,29.9,13.6,8.05,3.75,0.73,0.05,16.32,2.72,62.97,90.95,2.83,0.56,2.0,22.1,22.1,0.0
SQM,2018,2,SWCcc,min,3to6,208,1.53,0.18,5.88,5.5,6.2,8.3,8.41,3.81,0.31,0.05,14.68,3.78,34.99,51.80,8.05,0.55,1.5,16.1,16.1,0.0
SQM,2018,2,SWCcc,min,6to12,208,1.32,0.18,6.50,3.9,5.3,5.8,6.93,3.72,0.21,0.04,10.86,1.11,9.50,16.28,2.36,0.45,1.1,10.6,10.6,0.0
SQM,2018,2,SWCcc,min,12to24,208,1.40,0.24,8.00,2.7,5.1,4.7,18.25,6.00,0.25,0.05,24.53,1.94,7.40,3.89,4.42,0.44,0.4,12.1,9.3,2.7
SQM,2018,2,SWCcc,min,24to36,208,1.55,0.36,8.58,0.7,5.2,6.7,19.32,8.96,0.30,0.09,28.68,1.37,7.29,2.43,3.30,0.41,0.2,15.2,6.3,8.8
SQM,2018,2,SWCcc,min,36to48,208,1.61,0.38,8.63,0.5,5.1,5.1,15.79,9.96,0.32,0.19,26.22,1.64,7.96,2.91,3.86,0.37,0.1,10.5,5.3,5.3
SQM,2018,2,SWCcc,min,48to60,208,1.63,0.43,5.59,0.6,5.0,8.9,16.31,10.67,0.38,0.29,27.68,4.24,7.48,5.73,10.03,0.46,0.2,11.2,5.9,5.3
SQM,2018,2,SWCcc,no,0to3,209,1.22,0.16,5.33,4.3,32.7,12.2,8.19,3.71,0.66,0.04,17.90,2.57,65.77,91.16,1.89,0.55,2.0,22.4,22.4,0.0
SQM,2018,2,SWCcc,no,3to6,209,1.54,0.17,5.65,5.5,12.5,8.5,9.24,4.17,0.33,0.05,16.45,3.77,45.26,55.77,8.18,0.54,1.5,16.8,16.8,0.0
SQM,2018,2,SWCcc,no,6to12,209,1.35,0.20,6.52,1.6,5.0,4.9,7.47,4.10,0.22,0.05,11.83,1.28,9.89,16.19,2.83,0.53,1.0,10.7,10.7,0.0
SQM,2018,2,SWCcc,no,12to24,209,1.42,0.35,8.12,0.6,4.6,4.7,17.38,5.63,0.24,0.05,23.29,1.48,9.70,4.27,3.92,0.48,0.6,11.0,8.1,2.9
SQM,2018,2,SWCcc,no,24to36,209,1.56,0.32,8.49,0.7,7.3,6.0,18.70,8.17,0.29,0.10,27.22,0.89,7.00,3.31,2.36,0.40,0.2,13.6,6.1,7.5
SQM,2018,2,SWCcc,no,36to48,209,1.64,0.39,8.57,1.1,5.3,6.5,17.02,11.35,0.39,0.24,28.96,0.80,13.51,3.69,2.26,0.42,0.1,10.7,5.9,4.8
SQM,2018,2,SWCcc,no,48to60,209,-9999,0.39,8.60,2.5,4.7,7.5,15.16,10.33,0.42,0.36,26.28,0.91,11.39,3.80,2.23,0.54,0.2,13.8,9.7,4.1
SQM,2018,2,SWCcc,min,0to3,210,1.24,0.23,5.74,11.4,29.6,12.5,9.76,4.47,0.65,0.04,17.41,3.01,49.99,73.91,3.31,0.66,2.0,21.7,21.7,0.0
SQM,2018,2,SWCcc,min,3to6,210,1.52,0.18,6.03,8.3,8.6,7.5,9.86,4.60,0.34,0.05,16.74,3.82,33.96,46.61,8.50,0.61,1.5,15.8,15.8,0.0
SQM,2018,2,SWCcc,min,6to12,210,1.40,0.17,6.65,2.9,4.4,5.2,9.25,4.91,0.28,0.05,14.48,3.32,15.16,14.67,7.59,0.54,1.1,10.3,10.3,0.0
SQM,2018,2,SWCcc,min,12to24,210,1.46,0.33,8.25,1.1,4.9,4.7,19.42,5.45,0.23,0.05,25.12,3.48,22.68,6.04,8.87,0.59,0.5,13.7,7.6,6.1
SQM,2018,2,SWCcc,min,24to36,210,1.52,0.35,8.44,0.9,4.6,6.8,19.00,9.31,0.31,0.11,28.69,2.62,8.66,3.79,6.56,0.45,0.3,16.6,7.4,9.2
SQM,2018,2,SWCcc,min,36to48,210,1.55,0.39,8.60,0.9,4.7,9.1,15.89,10.58,0.36,0.24,27.07,3.16,8.44,4.56,7.56,0.48,0.2,10.5,5.5,4.9
SQM,2018,2,SWCcc,min,48to60,210,-9999,0.39,8.67,1.3,5.1,8.6,14.97,10.79,0.43,0.39,26.60,3.31,7.99,4.58,7.93,0.60,0.3,10.9,6.7,4.3
SQM,2018,2,SWCS,min,0to3,211,1.29,0.23,5.33,10.1,31.6,12.4,8.91,4.29,0.70,0.04,18.31,2.01,58.44,103.15,2.19,0.56,1.8,19.8,19.8,0.0
SQM,2018,2,SWCS,min,3to6,211,1.55,0.23,6.01,8.5,5.3,6.5,9.46,4.39,0.34,0.04,14.20,3.31,29.08,47.46,7.52,0.57,1.5,15.2,15.2,0.0
SQM,2018,2,SWCS,min,6to12,211,1.42,0.43,7.43,6.5,5.7,6.4,14.74,5.20,0.30,0.04,20.27,1.58,9.65,11.40,3.54,0.39,1.1,14.9,13.1,1.9
SQM,2018,2,SWCS,min,12to24,211,1.48,0.36,8.24,3.2,5.2,4.5,20.27,6.22,0.27,0.06,26.78,1.46,15.39,4.38,3.78,0.42,0.4,13.2,6.9,6.3
SQM,2018,2,SWCS,min,24to36,211,1.52,0.37,8.57,1.7,4.5,5.7,18.68,9.14,0.30,0.09,28.24,1.32,7.40,2.82,3.40,0.37,0.3,14.1,7.0,7.2
SQM,2018,2,SWCS,min,36to48,211,1.60,0.39,8.62,2.5,6.2,6.6,16.28,11.81,0.38,0.18,28.70,1.71,9.47,3.71,4.36,0.42,0.2,13.5,9.0,4.4
SQM,2018,2,SWCS,min,48to60,211,-9999,0.39,8.63,1.3,4.0,10.6,13.41,10.67,0.41,0.24,24.72,2.54,10.37,4.36,6.11,0.53,0.2,9.0,5.6,3.4
SQM,2018,2,SWCS,no,0to3,212,1.39,0.19,5.34,5.6,28.1,10.6,7.37,3.54,0.52,0.03,14.90,2.40,55.23,83.49,2.62,0.53,1.9,20.8,20.8,0.0
SQM,2018,2,SWCS,no,3to6,212,1.55,0.20,5.88,5.7,7.2,6.1,8.13,3.90,0.30,0.04,14.54,2.70,30.44,43.34,5.99,0.49,1.5,15.4,15.4,0.0
SQM,2018,2,SWCS,no,6to12,212,1.42,0.20,6.47,3.0,4.7,4.6,8.25,4.73,0.26,0.05,13.31,1.58,11.27,17.01,3.87,0.37,0.8,8.0,8.0,0.0
SQM,2018,2,SWCS,no,12to24,212,1.49,0.37,8.25,2.0,20.1,3.6,21.40,6.48,0.29,0.05,28.18,1.70,9.23,3.50,4.47,0.44,0.5,15.3,7.8,7.5
SQM,2018,2,SWCS,no,24to36,212,1.60,0.39,8.51,1.2,4.5,3.2,19.45,9.90,0.34,0.11,29.85,1.11,7.68,2.53,3.06,0.39,0.1,12.7,3.9,8.8
SQM,2018,2,SWCS,no,36to48,212,1.60,0.41,8.56,1.3,4.9,6.3,16.19,10.61,0.34,0.16,27.27,1.30,8.37,2.82,3.41,0.41,0.2,11.6,6.3,5.3
SQM,2018,2,SWCS,no,48to60,212,-9999,0.42,8.57,1.8,6.5,5.7,14.73,10.32,0.39,0.21,25.66,2.38,16.20,5.27,5.77,0.49,0.2,12.9,8.0,5.0
SQM,2018,2,SWCS,min,0to3,213,1.38,0.20,5.46,6.1,25.7,10.7,8.64,4.26,0.64,0.04,17.17,1.89,49.75,81.56,1.64,0.57,1.8,19.7,19.7,0.0
SQM,2018,2,SWCS,min,3to6,213,1.61,0.18,5.81,5.5,5.8,5.7,9.07,4.29,0.33,0.05,13.77,2.76,59.94,50.28,5.62,0.49,1.3,14.3,14.3,0.0
SQM,2018,2,SWCS,min,6to12,213,1.43,0.16,6.57,1.8,5.4,4.3,8.38,4.72,0.26,0.05,13.44,1.40,22.88,18.98,3.50,0.54,1.1,11.0,11.0,0.0
SQM,2018,2,SWCS,min,12to24,213,1.49,0.39,8.15,1.7,4.7,4.3,19.71,6.62,0.28,0.06,26.69,1.24,10.71,3.70,3.52,0.57,0.4,12.5,7.5,4.9
SQM,2018,2,SWCS,min,24to36,213,1.58,0.39,5.52,1.0,4.8,6.4,18.87,9.13,0.30,0.11,28.43,1.39,7.79,2.92,3.86,0.47,0.2,16.6,6.7,9.9
SQM,2018,2,SWCS,min,36to48,213,1.67,0.41,8.62,1.2,5.5,6.6,16.40,10.01,0.33,0.21,26.98,1.04,8.47,2.92,3.01,0.50,0.1,12.7,5.4,7.3
SQM,2018,2,SWCS,min,48to60,213,-9999,0.38,8.62,1.4,6.2,5.4,17.74,9.33,0.37,0.32,27.71,3.12,26.34,10.38,7.85,0.60,0.1,15.7,4.7,11.0
SQM,2018,2,SWCS,no,0to3,214,1.29,0.19,5.50,6.3,30.0,9.3,8.31,4.04,0.70,0.08,16.11,2.60,50.95,69.40,3.07,0.59,1.8,20.0,20.0,0.0
SQM,2018,2,SWCS,no,3to6,214,1.51,0.17,5.71,5.4,7.5,6.0,8.71,4.08,0.33,0.06,15.20,5.27,36.25,49.41,12.03,0.48,1.5,15.3,15.3,0.0
SQM,2018,2,SWCS,no,6to12,214,1.35,0.17,6.32,1.8,5.8,4.7,19.98,5.62,0.34,0.05,26.02,1.71,16.73,16.44,3.66,0.43,1.1,11.1,11.1,0.0
SQM,2018,2,SWCS,no,12to24,214,1.53,0.31,8.19,1.0,5.3,3.3,20.96,6.24,0.28,0.06,27.51,1.37,14.05,4.58,3.73,0.44,0.4,13.4,7.8,5.6
SQM,2018,2,SWCS,no,24to36,214,1.62,0.36,8.52,0.8,4.7,2.9,17.23,7.91,0.30,0.08,25.51,2.58,11.49,3.89,6.09,0.36,0.2,14.7,7.1,7.7
SQM,2018,2,SWCS,no,36to48,214,1.62,0.38,8.57,4.3,5.0,3.4,16.15,9.38,0.36,0.13,26.04,1.58,7.41,2.93,3.88,0.37,0.1,11.7,6.6,5.1
SQM,2018,2,SWCS,no,48to60,214,-9999,0.40,8.54,2.0,5.3,6.0,8.12,3.39,0.63,0.03,12.21,3.12,17.68,6.94,7.76,0.50,0.2,11.2,7.1,4.1
SQM,2018,2,SWCS,min,0to3,215,1.23,0.24,5.47,10.7,34.0,9.5,9.26,3.58,0.45,0.04,17.32,1.73,54.98,92.64,1.58,0.60,2.0,20.9,20.9,0.0
SQM,2018,2,SWCS,min,3to6,215,1.58,0.21,5.73,9.4,7.8,5.9,9.28,4.18,0.36,0.04,15.99,4.43,38.33,53.44,9.92,0.53,1.5,15.2,15.2,0.0
SQM,2018,2,SWCS,min,6to12,215,1.44,0.21,6.50,3.1,4.7,3.8,15.62,4.33,0.26,0.03,20.25,1.37,11.78,15.39,3.10,0.49,0.9,8.6,8.6,0.0
SQM,2018,2,SWCS,min,12to24,215,1.46,0.33,8.25,0.9,5.7,3.0,19.93,5.47,0.27,0.05,25.75,2.33,10.11,4.18,5.66,0.54,0.4,12.5,8.1,4.4
SQM,2018,2,SWCS,min,24to36,215,1.54,0.35,8.57,1.0,4.6,5.0,18.67,7.90,0.30,0.08,26.96,1.17,8.99,3.13,3.09,0.44,0.2,17.4,7.5,9.9
SQM,2018,2,SWCS,min,36to48,215,1.54,0.38,8.67,1.4,7.5,6.2,15.72,10.99,0.35,0.22,27.33,1.89,15.91,4.20,4.64,0.48,0.1,11.0,5.9,5.1
SQM,2018,2,SWCS,min,48to60,215,-9999,0.39,8.64,3.9,5.7,5.2,12.83,10.44,0.37,0.34,23.97,2.32,9.26,4.19,5.17,0.58,0.1,9.3,6.2,3.1
SQM,2018,2,SWCS,no,0to3,216,1.30,0.17,5.34,3.5,34.5,9.5,7.31,3.57,0.54,0.03,15.72,1.27,57.91,72.66,1.59,0.57,1.9,21.7,21.7,0.0
SQM,2018,2,SWCS,no,3to6,216,1.57,0.21,5.90,5.6,5.5,6.0,9.63,4.64,0.35,0.06,16.17,3.85,47.06,47.64,8.60,0.55,1.1,12.4,12.4,0.0
SQM,2018,2,SWCS,no,6to12,216,1.45,0.24,6.98,1.7,4.9,2.2,12.10,6.45,0.39,0.08,19.02,1.37,18.24,12.29,3.52,0.41,0.9,9.1,9.1,0.0
SQM,2018,2,SWCS,no,12to24,216,1.46,0.30,8.20,1.2,5.0,3.5,19.86,6.42,0.28,0.08,26.66,2.51,25.58,7.91,6.65,0.43,0.4,19.5,14.4,5.1
SQM,2018,2,SWCS,no,24to36,216,1.61,0.35,8.57,1.5,6.2,3.6,17.57,9.28,0.30,0.16,27.29,1.45,10.62,3.31,3.94,0.38,0.1,11.5,6.2,5.3
SQM,2018,2,SWCS,no,36to48,216,1.55,0.39,8.64,0.6,6.4,4.3,14.85,10.40,0.33,0.28,25.91,1.18,10.19,3.01,3.21,0.56,0.1,10.9,5.9,4.9
SQM,2018,2,SWCS,no,48to60,216,-9999,0.39,8.63,1.5,11.9,4.6,13.31,10.37,0.39,0.41,24.53,2.31,10.12,3.99,5.63,0.76,0.1,10.2,6.9,3.2
SQM,2018,2,SWS,no,0to3,217,1.32,0.19,5.27,5.7,25.9,11.2,7.84,4.29,0.45,0.05,17.05,2.29,66.17,74.36,2.57,0.57,1.7,20.4,20.4,0.0
SQM,2018,2,SWS,no,3to6,217,1.57,0.18,5.89,4.6,6.2,6.3,9.15,4.75,0.33,0.06,16.51,3.59,39.46,43.08,7.77,0.47,0.9,10.9,10.9,0.0
SQM,2018,2,SWS,no,6to12,217,1.48,0.20,6.59,3.3,9.2,4.7,9.21,5.91,0.30,0.06,15.48,1.65,28.52,16.06,4.09,0.52,0.7,7.7,7.7,0.0
SQM,2018,2,SWS,no,12to24,217,1.54,0.39,8.22,2.3,5.0,4.2,19.22,7.38,0.28,0.08,26.96,3.03,16.94,5.06,7.42,0.53,0.4,9.0,6.1,2.9
SQM,2018,2,SWS,no,24to36,217,1.63,0.38,8.53,0.9,4.5,4.0,17.31,8.19,0.26,0.14,25.92,1.88,14.66,3.98,5.11,0.37,0.2,12.6,6.0,6.6
SQM,2018,2,SWS,no,36to48,217,1.65,0.38,8.61,0.7,6.7,5.9,22.74,12.81,0.45,0.31,36.27,1.82,9.78,3.32,4.56,0.49,0.1,10.7,5.9,4.8
SQM,2018,2,SWS,no,48to60,217,-9999,0.41,8.54,0.9,5.5,6.3,15.35,9.40,0.38,0.30,25.41,1.68,8.11,3.03,4.32,0.58,0.1,10.5,5.9,4.6
SQM,2018,2,SWS,min,0to3,218,1.20,0.18,5.30,7.2,42.8,12.4,7.28,3.86,0.47,0.04,17.02,2.51,68.85,80.29,2.39,0.56,1.7,20.8,20.8,0.0
SQM,2018,2,SWS,min,3to6,218,1.59,0.23,5.76,7.8,7.2,8.2,8.84,4.21,0.34,0.05,14.91,2.62,35.91,46.89,5.11,0.55,1.2,15.2,15.2,0.0
SQM,2018,2,SWS,min,6to12,218,1.45,0.18,6.45,3.8,6.2,5.2,7.66,4.60,0.28,0.06,12.62,1.86,16.63,19.08,4.18,0.51,0.9,10.4,10.4,0.0
SQM,2018,2,SWS,min,12to24,218,1.48,0.36,7.94,1.7,6.2,3.6,17.12,6.32,0.29,0.07,23.80,1.66,13.56,4.39,4.11,0.50,0.4,8.1,6.3,1.9
SQM,2018,2,SWS,min,24to36,218,1.59,0.38,8.39,0.9,15.1,2.8,18.68,8.16,0.33,0.13,27.33,2.02,9.96,3.12,5.21,0.45,0.2,12.2,5.6,6.5
SQM,2018,2,SWS,min,36to48,218,1.57,0.40,8.53,0.6,4.9,4.4,16.40,9.14,0.35,0.24,26.18,2.33,16.71,3.91,5.80,0.42,0.2,12.4,6.2,6.2
SQM,2018,2,SWS,min,48to60,218,-9999,0.41,8.48,1.4,5.1,6.1,14.72,9.51,0.37,0.34,24.95,3.26,9.55,3.90,7.44,0.46,0.1,9.3,5.5,3.8
SQM,2018,2,SWS,no,0to3,219,1.25,0.18,5.42,4.7,39.8,11.7,7.41,3.40,0.54,0.05,14.30,3.10,66.20,65.81,3.00,0.52,2.1,23.4,23.4,0.0
SQM,2018,2,SWS,no,3to6,219,1.53,0.18,5.94,5.8,8.0,6.4,11.39,4.72,0.46,0.06,18.92,4.60,51.77,56.57,9.86,0.57,1.7,18.4,18.4,0.0
SQM,2018,2,SWS,no,6to12,219,1.41,0.17,6.41,2.3,7.9,4.9,8.96,4.53,0.36,0.05,13.90,2.03,22.03,22.12,4.25,0.46,1.1,11.3,11.3,0.0
SQM,2018,2,SWS,no,12to24,219,1.47,0.39,7.91,1.1,5.7,4.6,18.82,5.50,0.31,0.05,24.66,1.29,10.62,4.00,3.21,0.41,0.6,9.2,6.4,2.8
SQM,2018,2,SWS,no,24to36,219,1.57,0.36,8.37,10.3,10.5,3.2,19.14,6.97,0.31,0.07,26.52,2.89,32.66,6.63,7.06,0.42,0.3,11.6,4.9,6.7
SQM,2018,2,SWS,no,36to48,219,1.64,0.41,8.36,9.0,7.5,4.2,18.24,8.87,0.32,0.11,27.55,2.36,19.44,5.37,5.83,0.37,0.2,12.9,5.9,7.0
SQM,2018,2,SWS,no,48to60,219,-9999,0.37,8.49,0.4,5.8,4.6,7.26,2.98,0.88,0.03,11.17,4.07,16.95,7.22,9.33,0.39,0.2,10.2,5.9,4.3
SQM,2018,2,SWS,min,0to3,220,1.26,0.24,5.55,9.3,35.2,10.8,9.60,3.93,0.60,0.03,18.18,2.45,69.60,78.30,2.02,0.67,2.1,24.7,24.7,0.0
SQM,2018,2,SWS,min,3to6,220,1.57,0.21,5.90,7.8,10.9,6.9,9.20,4.83,0.44,0.05,16.42,4.31,49.65,58.55,7.53,0.62,1.8,21.4,21.4,0.0
SQM,2018,2,SWS,min,6to12,220,1.38,0.22,6.89,4.7,5.3,4.1,9.12,6.53,0.36,0.06,16.11,2.04,20.21,22.17,3.85,0.48,1.2,12.3,12.3,0.0
SQM,2018,2,SWS,min,12to24,220,1.44,0.38,8.17,0.8,6.5,3.7,19.43,7.56,0.34,0.08,27.40,1.36,11.02,7.61,3.23,0.51,0.6,5.7,-9999,-9999
SQM,2018,2,SWS,min,24to36,220,1.57,0.38,8.41,0.7,5.0,4.0,18.62,8.59,0.33,0.12,27.65,2.53,12.85,3.60,6.40,0.37,0.4,8.1,5.8,2.3
SQM,2018,2,SWS,min,36to48,220,1.63,0.39,8.44,0.7,7.4,4.4,15.44,8.92,0.34,0.18,24.92,2.00,15.15,3.71,4.86,0.45,0.4,17.0,7.6,9.4
SQM,2018,2,SWS,min,48to60,220,-9999,0.19,8.30,1.2,5.7,5.0,8.62,3.63,0.95,0.03,13.20,2.73,13.20,3.23,6.40,0.37,0.2,12.1,6.0,6.2
SQM,2018,3,SWS,min,0to3,301,1.11,0.22,5.26,9.0,51.2,13.4,9.41,4.86,0.60,0.05,18.65,2.61,84.85,89.34,2.70,0.52,2.3,26.3,26.3,0.0
SQM,2018,3,SWS,min,3to6,301,1.55,0.23,5.58,8.7,16.6,8.7,8.70,5.86,0.37,0.06,20.79,1.44,52.31,64.32,2.54,0.58,1.7,18.6,18.6,0.0
SQM,2018,3,SWS,min,6to12,301,1.37,0.23,6.31,5.9,5.2,5.4,15.20,8.04,0.37,0.09,23.70,0.78,17.94,25.74,1.75,0.53,1.5,14.8,14.8,0.0
SQM,2018,3,SWS,min,12to24,301,1.39,0.40,7.75,3.0,4.4,6.0,18.82,8.50,0.31,0.13,27.71,1.00,18.93,8.29,2.71,0.48,0.9,11.9,10.5,1.4
SQM,2018,3,SWS,min,24to36,301,1.57,0.35,8.46,2.9,4.2,4.5,15.32,8.15,0.25,0.16,23.87,0.86,12.23,3.23,2.24,0.48,0.4,13.2,6.9,6.3
SQM,2018,3,SWS,min,36to48,301,1.58,0.37,8.60,1.4,5.6,6.4,14.72,11.00,0.38,0.28,26.37,1.45,10.45,2.93,3.50,0.42,0.2,13.9,5.8,8.1
SQM,2018,3,SWS,min,48to60,301,-9999,0.38,8.46,1.5,5.4,7.2,7.21,3.64,0.91,0.03,11.83,0.83,66.50,19.07,2.79,0.47,0.2,12.6,6.2,6.4
SQM,2018,3,SWS,no,0to3,302,1.24,0.20,5.22,5.9,38.7,13.1,9.00,4.47,0.53,0.04,22.24,3.61,82.71,90.71,3.06,0.48,2.1,23.3,23.3,0.0
SQM,2018,3,SWS,no,3to6,302,1.50,0.18,5.61,4.1,12.1,7.4,7.50,4.74,0.31,0.05,16.92,1.85,50.47,68.47,3.39,0.57,1.8,19.2,19.2,0.0
SQM,2018,3,SWS,no,6to12,302,1.36,0.16,6.36,5.7,5.7,4.6,11.26,7.30,0.31,0.07,18.98,0.74,28.17,31.89,1.65,0.57,1.5,15.1,15.1,0.0
SQM,2018,3,SWS,no,12to24,302,1.34,0.38,7.89,1.6,4.5,4.2,19.99,9.33,0.33,0.13,29.78,0.79,14.84,7.91,2.12,0.48,0.7,11.0,9.1,1.9
SQM,2018,3,SWS,no,24to36,302,1.52,0.32,8.41,2.4,5.5,4.9,15.84,9.78,0.36,0.34,26.35,0.85,15.77,4.11,2.41,0.50,0.4,12.7,7.3,5.4
SQM,2018,3,SWS,no,36to48,302,1.51,0.34,8.50,0.6,4.7,5.9,16.02,9.18,0.31,0.23,25.70,1.25,14.17,3.52,3.24,0.49,0.2,12.5,6.8,5.7
SQM,2018,3,SWS,no,48to60,302,-9999,0.33,8.58,2.2,5.3,7.2,7.86,3.62,0.92,0.03,12.41,1.03,12.41,2.93,2.57,0.48,0.2,13.4,6.7,6.7
SQM,2018,3,SWS,no,0to3,303,1.31,0.18,5.33,4.7,56.2,12.9,8.52,3.91,0.53,0.04,18.94,2.93,74.58,81.08,3.60,0.51,1.9,22.2,22.2,0.0
SQM,2018,3,SWS,no,3to6,303,1.49,0.17,5.80,3.4,10.2,7.6,8.74,4.80,0.40,0.05,16.46,2.08,58.34,63.79,3.67,0.56,1.5,17.7,17.7,0.0
SQM,2018,3,SWS,no,6to12,303,1.33,0.15,6.33,1.8,5.2,22.2,8.98,7.08,0.36,0.07,17.63,0.72,22.88,27.46,1.36,0.48,1.2,14.8,14.8,0.0
SQM,2018,3,SWS,no,12to24,303,1.34,0.33,7.82,1.1,5.2,6.2,19.42,7.06,0.29,0.08,26.85,0.75,9.92,7.49,1.95,0.46,0.8,13.8,10.1,3.8
SQM,2018,3,SWS,no,24to36,303,1.46,0.35,8.34,0.8,5.2,4.3,18.42,8.66,0.30,0.14,27.48,0.73,12.86,5.07,2.28,0.56,0.5,14.2,7.8,6.4
SQM,2018,3,SWS,no,36to48,303,1.55,0.36,8.48,0.9,4.3,5.1,16.46,9.60,0.29,0.19,26.49,0.92,16.75,3.90,2.64,0.46,0.3,12.6,6.4,6.2
SQM,2018,3,SWS,no,48to60,303,-9999,0.39,8.49,3.0,4.8,5.5,8.46,3.86,0.86,0.04,13.23,0.77,14.78,5.54,1.82,0.44,0.3,12.6,7.2,5.4
SQM,2018,3,SWS,min,0to3,304,1.28,0.36,5.13,24.7,62.2,17.1,9.42,4.35,0.55,0.04,21.76,3.30,85.77,106.65,3.67,0.57,1.9,24.1,24.1,0.0
SQM,2018,3,SWS,min,3to6,304,1.55,0.22,5.67,7.2,17.1,8.5,8.17,4.61,0.36,0.05,16.35,2.61,161.23,119.59,5.44,0.56,1.3,16.8,16.8,0.0
SQM,2018,3,SWS,min,6to12,304,1.41,0.22,6.33,4.9,5.2,5.9,10.05,7.04,0.38,0.07,17.50,0.99,24.02,34.52,1.65,0.52,1.2,14.7,14.7,0.0
SQM,2018,3,SWS,min,12to24,304,1.32,0.43,7.82,2.5,4.9,4.4,18.32,5.11,0.32,0.05,23.82,1.28,16.11,9.57,3.40,0.46,0.9,13.7,12.0,1.7
SQM,2018,3,SWS,min,24to36,304,1.44,0.51,8.32,2.0,5.0,5.4,19.24,5.77,0.26,0.06,25.31,0.83,17.79,4.89,2.20,0.45,0.4,11.9,7.0,4.9
SQM,2018,3,SWS,min,36to48,304,1.53,0.82,8.43,1.5,7.2,3.8,17.09,8.47,0.32,0.08,25.96,0.60,8.78,2.83,1.50,0.37,0.3,12.0,7.1,5.0
SQM,2018,3,SWS,min,48to60,304,-9999,0.67,8.43,1.5,5.8,5.9,16.17,9.13,0.35,0.13,25.73,0.75,11.99,3.31,1.89,0.39,0.3,10.5,5.5,5.0
SQM,2018,3,SWCS,min,0to3,307,1.26,0.44,5.38,5.1,52.6,11.6,7.51,3.24,0.86,0.03,18.55,2.77,76.06,94.42,2.62,0.60,1.9,22.3,22.3,0.0
SQM,2018,3,SWCS,min,3to6,307,1.56,0.51,5.68,7.4,11.6,7.2,8.45,3.54,0.45,0.07,15.81,2.32,47.51,71.22,3.99,0.60,1.6,19.2,19.2,0.0
SQM,2018,3,SWCS,min,6to12,307,1.43,0.45,6.27,3.7,5.0,5.1,7.07,3.78,0.29,0.03,11.20,0.81,18.11,26.29,1.66,0.45,1.1,11.8,11.8,0.0
SQM,2018,3,SWCS,min,12to24,307,1.53,0.89,7.84,1.7,5.0,4.2,14.07,5.65,0.28,0.05,20.01,0.73,9.18,6.09,1.95,0.42,0.5,7.8,6.4,1.3
SQM,2018,3,SWCS,min,24to36,307,1.60,0.77,8.44,1.1,4.5,4.0,18.19,7.31,0.27,0.07,25.82,2.22,13.39,3.49,5.94,0.51,0.4,13.5,6.8,6.7
SQM,2018,3,SWCS,min,36to48,307,1.58,0.81,8.56,1.0,5.2,6.2,15.81,7.94,0.26,0.10,24.08,0.61,12.23,2.04,1.91,0.41,0.3,12.8,6.2,6.7
SQM,2018,3,SWCS,min,48to60,307,-9999,0.84,8.57,0.9,5.0,9.7,15.29,9.61,0.34,0.17,25.37,0.77,12.25,2.33,2.31,0.46,0.2,11.9,6.5,5.4
SQM,2018,3,SWCS,no,0to3,308,1.30,0.54,5.02,15.8,54.8,16.2,7.44,3.19,0.93,0.03,21.66,3.40,84.21,120.90,3.17,0.61,2.2,25.3,25.3,0.0
SQM,2018,3,SWCS,no,3to6,308,1.53,0.42,5.47,6.6,12.4,10.5,8.44,3.60,0.46,0.03,17.74,1.78,63.27,78.19,2.97,0.58,1.8,20.6,20.6,0.0
SQM,2018,3,SWCS,no,6to12,308,1.42,0.51,6.22,4.5,6.2,5.1,8.34,4.56,0.37,0.04,13.34,0.79,21.71,27.84,1.64,0.50,1.3,14.2,14.2,0.0
SQM,2018,3,SWCS,no,12to24,308,1.56,0.90,7.84,2.3,4.6,4.5,14.13,5.94,0.30,0.04,20.44,2.26,19.46,8.27,5.36,0.41,0.5,7.3,6.1,1.2
SQM,2018,3,SWCS,no,24to36,308,1.59,0.83,8.46,2.1,4.5,4.6,18.95,7.96,0.31,0.08,27.29,0.98,13.21,3.01,2.73,0.51,0.3,13.1,6.4,6.7
SQM,2018,3,SWCS,no,36to48,308,1.61,0.82,8.63,1.9,5.0,6.6,17.48,9.72,0.34,0.11,27.69,1.75,13.85,2.83,4.50,0.45,0.2,13.0,6.9,6.1
SQM,2018,3,SWCS,no,48to60,308,1.38,0.78,8.57,1.4,7.1,5.7,14.70,8.81,0.33,0.14,23.99,0.67,12.29,2.83,1.66,0.46,0.2,12.9,7.8,5.1
SQM,2018,3,SWCS,no,0to3,309,1.21,0.47,5.41,7.5,58.0,14.0,8.19,3.42,1.16,0.03,20.22,2.20,72.47,101.18,1.39,0.67,2.2,26.4,26.4,0.0
SQM,2018,3,SWCS,no,3to6,309,1.54,0.39,5.67,3.8,17.1,9.8,9.20,3.78,0.66,0.03,18.82,2.63,60.17,67.38,4.18,0.67,1.8,21.2,21.2,0.0
SQM,2018,3,SWCS,no,6to12,309,1.39,0.36,6.33,2.9,5.9,6.8,10.58,5.25,0.49,0.06,17.75,1.07,27.11,32.76,2.24,0.63,1.5,17.6,17.6,0.0
SQM,2018,3,SWCS,no,12to24,309,1.51,0.40,7.01,1.1,5.1,3.5,8.99,6.82,0.39,0.06,16.32,0.87,25.74,11.37,2.62,0.66,0.7,6.7,6.7,0.0
SQM,2018,3,SWCS,no,24to36,309,1.61,0.83,8.41,1.7,4.8,5.7,17.01,6.90,0.29,0.07,24.27,1.21,36.94,7.89,3.89,0.52,0.4,12.0,7.9,4.1
SQM,2018,3,SWCS,no,36to48,309,1.62,0.86,8.52,1.5,5.4,6.1,17.14,7.46,0.27,0.13,24.97,0.59,8.10,2.44,1.96,0.43,0.3,15.7,7.4,8.3
SQM,2018,3,SWCS,no,48to60,309,-9999,0.87,8.44,2.5,5.6,6.6,15.14,7.72,0.30,0.19,23.32,0.87,11.81,2.73,2.19,0.44,0.3,12.3,6.8,5.5
SQM,2018,3,SWCS,min,0to3,310,1.44,0.39,5.53,4.2,27.8,11.8,7.97,3.35,0.97,0.03,20.12,3.00,66.98,82.82,2.92,0.60,2.0,23.8,23.8,0.0
SQM,2018,3,SWCS,min,3to6,310,1.44,0.36,5.90,4.4,10.0,7.4,9.11,3.81,0.58,0.03,17.35,2.33,45.61,65.00,3.84,0.61,1.7,20.7,20.7,0.0
SQM,2018,3,SWCS,min,6to12,310,1.38,0.29,6.53,1.2,6.2,5.1,8.70,4.66,0.42,0.04,13.80,1.46,19.14,26.13,3.17,0.50,1.3,14.7,14.7,0.0
SQM,2018,3,SWCS,min,12to24,310,1.50,0.53,7.21,1.8,5.0,3.6,9.68,7.04,0.39,0.05,17.14,1.09,22.40,12.56,2.75,0.48,0.7,7.8,-9999,-9999
SQM,2018,3,SWCS,min,24to36,310,1.62,0.80,8.37,0.5,4.5,4.5,19.38,8.32,0.36,0.08,28.11,1.68,22.95,5.93,4.66,0.47,0.3,10.8,6.2,4.6
SQM,2018,3,SWCS,min,36to48,310,1.60,0.74,8.54,0.6,5.8,6.6,17.44,8.16,0.30,0.12,25.98,0.98,22.28,4.38,2.85,0.40,0.2,15.9,6.8,9.1
SQM,2018,3,SWCS,min,48to60,310,-9999,0.84,8.55,0.4,5.8,4.8,14.66,8.44,0.31,0.18,23.59,0.80,14.72,3.41,2.05,0.40,0.2,15.3,9.4,5.9
SQM,2018,3,SWCS,no,0to3,311,1.30,0.35,5.39,4.0,37.3,12.2,7.87,3.36,0.88,0.03,19.17,2.98,84.84,85.62,2.83,0.62,2.0,23.2,23.2,0.0
SQM,2018,3,SWCS,no,3to6,311,1.47,0.37,5.81,2.5,13.4,8.0,9.41,4.09,0.56,0.03,17.86,2.37,49.12,61.84,4.08,0.59,1.6,18.6,18.6,0.0
SQM,2018,3,SWCS,no,6to12,311,1.41,0.34,6.45,1.0,6.0,4.8,9.48,5.09,0.41,0.04,15.03,1.27,17.55,25.11,2.55,0.53,1.2,13.3,13.3,0.0
SQM,2018,3,SWCS,no,12to24,311,1.49,0.88,7.71,1.5,5.3,4.2,12.42,6.37,0.34,0.05,19.22,2.05,11.45,8.15,5.05,0.46,0.6,7.0,6.6,0.4
SQM,2018,3,SWCS,no,24to36,311,1.64,0.73,8.46,1.1,5.1,5.2,17.33,6.49,0.26,0.06,24.16,1.22,21.82,4.87,3.45,0.49,0.2,11.0,5.2,5.8
SQM,2018,3,SWCS,no,36to48,311,1.60,0.82,8.61,1.1,4.8,5.5,17.31,9.59,0.32,0.11,27.38,1.94,20.85,5.36,4.88,0.42,0.2,13.4,6.2,7.1
SQM,2018,3,SWCS,no,48to60,311,-9999,0.84,8.63,1.5,5.1,6.4,16.57,9.85,0.35,0.19,26.97,0.86,14.31,3.70,2.40,0.45,0.2,12.8,6.3,6.5
SQM,2018,3,SWCS,min,0to3,312,1.18,0.54,5.42,17.2,45.7,13.2,8.25,3.69,1.05,0.03,20.98,2.26,79.84,111.60,1.19,0.66,2.1,23.9,23.9,0.0
SQM,2018,3,SWCS,min,3to6,312,1.51,0.50,5.59,8.6,16.4,9.0,9.00,4.08,0.57,0.04,17.13,2.38,58.40,74.16,3.54,0.48,1.7,19.4,19.4,0.0
SQM,2018,3,SWCS,min,6to12,312,1.46,0.38,6.24,3.3,5.3,5.4,8.07,4.70,0.35,0.04,14.18,1.16,24.39,32.06,1.89,0.53,1.3,13.5,13.5,0.0
SQM,2018,3,SWCS,min,12to24,312,1.45,0.92,7.79,0.8,5.0,4.8,11.71,5.80,0.28,0.05,17.86,1.21,19.22,8.54,3.46,0.46,0.5,7.0,6.2,0.7
SQM,2018,3,SWCS,min,24to36,312,1.51,0.81,8.45,2.2,5.2,5.6,18.14,7.23,0.27,0.08,25.74,1.05,13.40,3.69,2.87,0.47,0.4,14.9,7.1,7.8
SQM,2018,3,SWCS,min,36to48,312,1.76,0.84,8.59,1.2,6.5,5.5,15.21,8.10,0.25,0.12,23.72,0.95,12.65,3.53,2.34,0.42,0.3,13.9,6.6,7.3
SQM,2018,3,SWCS,min,48to60,312,-9999,0.91,8.54,2.9,5.1,6.4,13.73,9.39,0.33,0.21,23.68,1.16,14.73,4.52,2.35,0.52,0.2,11.3,6.2,5.2
SQM,2018,3,SWCcc,min,0to3,319,1.24,0.45,5.55,8.3,59.9,12.2,7.45,3.61,1.05,0.04,18.78,3.10,88.64,86.89,2.33,0.75,2.3,24.9,24.9,0.0
SQM,2018,3,SWCcc,min,3to6,319,1.57,0.41,5.68,6.5,11.8,8.7,8.34,4.19,0.48,0.04,18.09,2.48,72.76,62.36,3.95,0.63,1.7,18.3,18.3,0.0
SQM,2018,3,SWCcc,min,6to12,319,1.50,0.42,6.28,3.4,4.9,4.8,9.49,6.29,0.40,0.07,16.30,1.11,36.87,27.16,2.37,0.59,1.1,10.2,10.2,0.0
SQM,2018,3,SWCcc,min,12to24,319,1.55,0.86,7.53,1.4,5.9,3.0,11.76,7.48,0.36,0.09,19.72,0.53,11.21,7.93,1.54,0.52,0.6,6.7,6.5,0.2
SQM,2018,3,SWCcc,min,24to36,319,1.58,0.85,8.48,1.6,6.4,4.9,19.00,7.58,0.30,0.11,26.99,0.94,19.71,4.08,2.89,0.45,0.3,11.6,6.4,5.2
SQM,2018,3,SWCcc,min,36to48,319,1.59,0.90,8.60,1.7,6.0,6.3,16.98,9.81,0.32,0.21,27.29,0.53,10.10,2.33,1.61,0.46,0.2,11.4,5.7,5.7
SQM,2018,3,SWCcc,min,48to60,319,1.47,0.89,8.60,3.1,10.6,7.3,16.75,9.92,0.38,0.35,27.36,1.03,30.67,6.72,2.56,0.56,0.2,12.1,6.5,5.6
SQM,2018,3,SWCcc,no,0to3,320,1.39,0.41,5.37,3.6,38.7,14.5,7.67,3.56,0.99,0.04,19.40,3.79,76.62,78.08,2.53,0.69,2.1,23.6,23.6,0.0
SQM,2018,3,SWCcc,no,3to6,320,1.59,0.43,5.81,4.0,12.2,8.7,8.73,4.27,0.44,0.05,16.93,1.83,40.67,47.87,2.44,0.54,1.7,17.4,17.4,0.0
SQM,2018,3,SWCcc,no,6to12,320,1.45,0.38,6.31,5.7,7.0,6.5,9.65,5.88,0.41,0.06,16.03,3.53,51.00,26.81,6.77,0.53,1.3,12.1,12.1,0.0
SQM,2018,3,SWCcc,no,12to24,320,1.50,0.66,7.47,2.7,5.7,4.3,9.79,7.34,0.34,0.07,17.56,0.99,37.65,10.28,2.67,0.54,0.6,6.7,6.5,0.2
SQM,2018,3,SWCcc,no,24to36,320,1.55,0.83,8.51,1.9,6.2,5.0,19.96,8.60,0.33,0.13,29.07,1.49,18.86,3.89,3.49,0.52,0.3,14.0,8.1,5.9
SQM,2018,3,SWCcc,no,36to48,320,1.59,0.86,8.66,2.4,5.9,6.8,17.34,9.31,0.32,0.27,27.22,0.73,13.71,2.92,1.88,0.46,0.2,13.6,6.7,6.9
SQM,2018,3,SWCcc,no,48to60,320,-9999,0.94,8.71,1.9,5.8,6.5,15.01,9.74,0.37,0.47,25.62,1.29,12.72,3.30,3.00,0.56,0.2,9.8,5.2,4.7
SQM,2018,3,SWCcc,min,0to3,321,1.15,0.46,5.36,7.3,7.3,14.9,7.78,3.58,1.03,0.03,19.14,3.38,89.01,83.96,2.77,0.61,2.2,23.5,23.5,0.0
SQM,2018,3,SWCcc,min,3to6,321,1.57,0.39,5.76,4.1,14.9,7.4,8.73,4.14,0.50,0.04,16.22,2.42,54.00,65.94,3.44,0.53,1.6,17.4,17.4,0.0
SQM,2018,3,SWCcc,min,6to12,321,1.43,0.39,6.29,2.4,6.6,5.0,10.72,6.85,0.46,0.08,18.14,1.78,26.97,24.94,3.80,0.51,1.2,11.6,11.6,0.0
SQM,2018,3,SWCcc,min,12to24,321,1.58,0.79,7.71,1.8,5.8,2.4,12.00,7.86,0.37,0.07,20.33,0.90,50.77,12.35,2.86,0.45,0.5,5.8,5.3,0.4
SQM,2018,3,SWCcc,min,24to36,321,1.60,0.36,8.40,1.9,6.6,3.2,19.04,7.88,0.31,0.09,27.28,0.64,23.09,4.58,2.12,0.50,0.3,10.2,5.3,4.9
SQM,2018,3,SWCcc,min,36to48,321,1.74,0.39,8.58,1.4,6.2,5.9,16.85,9.58,0.35,0.18,26.92,1.27,13.65,3.32,3.62,0.45,0.2,10.0,5.3,4.7
SQM,2018,3,SWCcc,min,48to60,321,-9999,0.39,8.66,2.1,6.0,5.8,16.68,9.63,0.36,0.25,26.92,0.80,9.56,2.63,2.19,0.56,0.2,11.3,5.8,5.5
SQM,2018,3,SWCcc,no,0to3,322,1.40,0.18,5.63,6.5,47.6,13.6,7.40,3.44,0.74,0.03,19.44,2.51,79.83,80.91,2.45,0.65,2.2,23.8,23.8,0.0
SQM,2018,3,SWCcc,no,3to6,322,1.58,0.16,6.06,6.6,11.7,7.9,10.32,4.77,0.51,0.04,19.15,2.41,53.45,56.67,4.54,0.61,1.7,17.2,17.2,0.0
SQM,2018,3,SWCcc,no,6to12,322,1.43,0.17,6.60,10.3,5.8,5.3,9.01,5.26,0.35,0.05,14.62,1.18,22.03,24.37,2.49,0.56,1.1,10.8,10.8,0.0
SQM,2018,3,SWCcc,no,12to24,322,1.46,0.37,7.87,45.3,6.2,3.3,10.86,6.94,0.33,0.06,18.20,1.15,21.70,6.62,2.97,0.56,0.5,7.4,6.5,0.8
SQM,2018,3,SWCcc,no,24to36,322,1.61,0.32,8.48,2.0,6.2,5.4,20.31,8.98,0.34,0.10,29.74,0.97,12.29,3.32,3.03,0.55,0.4,15.6,6.4,9.2
SQM,2018,3,SWCcc,no,36to48,322,1.61,0.38,8.64,1.7,6.1,5.8,17.53,11.08,0.36,0.27,29.24,0.54,9.84,2.63,1.81,0.41,0.2,14.1,7.5,6.6
SQM,2018,3,SWCcc,no,48to60,322,1.38,0.39,8.69,2.4,6.3,5.5,13.08,10.56,0.39,0.41,24.44,0.65,8.18,2.24,1.77,0.56,0.2,10.7,6.9,3.9
SQM,2018,3,SWCcc,no,0to3,323,1.43,0.17,5.66,5.7,40.1,15.3,7.27,3.36,0.76,0.04,18.31,3.00,73.53,77.81,3.37,0.60,2.1,24.2,24.2,0.0
SQM,2018,3,SWCcc,no,3to6,323,1.58,0.16,6.11,4.7,10.3,9.9,9.47,4.41,0.53,0.04,17.26,2.40,51.11,50.33,4.26,0.57,1.5,17.1,17.1,0.0
SQM,2018,3,SWCcc,no,6to12,323,1.47,0.16,6.59,4.2,4.1,5.8,8.44,5.32,0.40,0.05,14.17,0.95,17.77,17.28,1.97,0.50,0.7,7.8,7.8,0.0
SQM,2018,3,SWCcc,no,12to24,323,1.57,0.39,7.78,2.2,6.5,5.1,11.44,7.93,0.36,0.07,19.80,0.68,16.30,6.31,2.21,0.52,0.4,5.2,5.0,0.2
SQM,2018,3,SWCcc,no,24to36,323,1.60,0.33,8.59,1.9,6.1,5.1,19.70,8.63,0.31,0.11,28.75,0.61,9.75,2.73,1.85,0.49,0.3,14.2,6.7,7.5
SQM,2018,3,SWCcc,no,36to48,323,1.64,0.34,8.76,2.0,6.8,5.5,17.95,10.38,0.31,0.23,28.88,0.60,10.64,2.83,1.86,0.46,0.2,13.5,5.7,7.8
SQM,2018,3,SWCcc,no,48to60,323,1.41,0.40,8.72,2.3,6.3,4.8,14.50,10.88,0.38,0.44,26.20,0.87,32.73,7.31,2.39,0.55,0.2,9.3,5.0,4.3
SQM,2018,3,SWCcc,min,0to3,324,1.36,0.20,5.57,7.9,51.0,16.5,7.44,3.70,0.77,0.04,19.91,1.81,74.58,96.64,1.36,0.58,1.5,19.0,19.0,0.0
SQM,2018,3,SWCcc,min,3to6,324,1.61,0.19,6.02,7.8,8.1,8.9,8.77,4.39,0.39,0.06,16.96,2.43,45.43,53.52,4.80,0.59,1.1,14.0,14.0,0.0
SQM,2018,3,SWCcc,min,6to12,324,1.50,0.20,6.53,37.6,5.6,6.3,10.07,6.07,0.36,0.06,16.54,1.43,29.48,26.75,3.05,0.57,0.7,9.4,9.4,0.0
SQM,2018,3,SWCcc,min,12to24,324,1.52,0.36,8.15,6.3,5.6,4.7,19.47,8.10,0.35,0.08,27.96,0.81,15.49,4.97,2.27,0.52,0.4,8.6,6.2,2.3
SQM,2018,3,SWCcc,min,24to36,324,1.60,0.36,8.66,5.2,6.2,5.7,17.91,9.27,0.34,0.13,27.63,0.90,9.86,3.22,2.64,0.42,0.2,12.3,5.6,6.7
SQM,2018,3,SWCcc,min,36to48,324,1.64,0.41,8.75,2.5,6.4,6.6,15.66,10.45,0.41,0.30,26.80,0.65,13.06,3.61,2.13,0.50,0.2,10.3,5.4,4.8
SQM,2018,3,SWCcc,min,48to60,324,-9999,0.42,8.66,50.3,6.6,6.6,13.78,10.45,0.42,0.49,25.16,0.83,13.46,4.29,2.37,0.66,0.2,10.1,5.9,4.2
